1,-4.8062,-3.2248,23.1,10.399,15.499,-111.02,-33.534,-74.491,-49.98,533.61,108.14,240.22,358.02,161.17,-2564.6,-348.72,-519.74,-774.64,-1154.5,-1720.7,12326,1124.5,8270.3,5549,3723.1,2498,1676,-59243,-3626.4,-39749,-26670,-17894,-12006,-8055.5,-5404.8,2.8474e+05,11694,1.9104e+05,1.2818e+05,86003,57704,38717,25977,17429,3.2939
1,-5.6205,-9.2165,31.59,84.944,51.802,-177.55,-782.88,-291.15,-477.43,997.94,7215.5,2683.4,1636.4,4400.2,-5609,-66501,-40555,-24732,-15082,-9197.5,31525,6.1291e+05,51695,84769,1.39e+05,2.2794e+05,3.7377e+05,-1.7719e+05,-5.6489e+06,-2.9055e+05,-4.7645e+05,-7.8127e+05,-1.2811e+06,-2.1008e+06,-3.4449e+06,9.9589e+05,5.2063e+07,1.6331e+06,2.6779e+06,4.3912e+06,7.2006e+06,1.1808e+07,1.9362e+07,3.175e+07,-37.553
1,-0.021196,1.5642,0.00044928,2.4468,-0.033155,-9.523e-06,3.8273,0.00070277,-0.051863,2.0185e-07,5.9868,0.0010993,-1.4896e-05,-0.081125,-4.2784e-09,9.3646,-0.1269,0.0017195,-2.3301e-05,3.1574e-07,9.0687e-11,14.648,-6.6924e-09,4.9388e-07,-3.6447e-05,0.0026897,-0.19849,-1.9222e-12,22.913,1.4185e-10,-1.0468e-08,7.7255e-07,-5.7012e-05,0.0042073,-0.31049,4.0743e-14,35.841,-3.0068e-12,2.2189e-10,-1.6375e-08,1.2084e-06,-8.9179e-05,0.0065812,-0.48567,11.04
1,2.1916,-2.9731,4.803,8.8392,-6.5157,10.526,-26.279,-14.28,19.372,23.069,78.131,42.455,-31.295,-57.593,50.558,-232.29,171.23,-126.22,93.043,-68.586,110.8,690.61,-150.31,203.91,-276.62,375.26,-509.08,242.83,-2053.2,-329.42,446.89,-606.24,822.42,-1115.7,1513.5,532.18,6104.4,-721.95,979.39,-1328.6,1802.4,-2445.1,3317,-4499.8,-6.1525
1,0.60641,-0.75938,0.36773,0.57665,-0.46049,0.22299,-0.4379,-0.27925,0.34969,0.13523,0.33253,0.21205,-0.16934,-0.26554,0.082002,-0.25252,0.20165,-0.16103,0.12859,-0.10269,0.049727,0.19175,-0.06227,0.077978,-0.097649,0.12228,-0.15313,0.030155,-0.14561,-0.037761,0.047287,-0.059215,0.074152,-0.092858,0.11628,0.018286,0.11058,-0.022899,0.028675,-0.035908,0.044967,-0.05631,0.070514,-0.088301,-3.3893
1,-4.5314,3.0278,20.533,9.1675,-13.72,-93.045,27.757,62.171,-41.542,421.62,84.044,188.24,-281.72,-125.78,-1910.5,254.47,-380.84,569.96,-853,1276.6,8657.4,770.48,-5784.7,3865.3,-2582.7,1725.7,-1153.1,-39230,2332.8,26213,-17515,11703,-7819.9,5225.1,-3491.3,1.7777e+05,7063.4,-1.1878e+05,79367,-53032,35435,-23677,15821,-10571,43.997
1,-4.5554,0.15304,20.752,0.02342,-0.69714,-94.533,0.0035841,3.1758,-0.10669,430.63,0.0005485,0.48601,-14.467,-0.016327,-1961.7,8.394e-05,-0.0024986,0.074377,-2.214,65.903,8936.4,1.2846e-05,-300.21,10.085,-0.33882,0.011382,-0.00038238,-40709,1.9659e-06,1367.6,-45.944,1.5434,-0.051851,0.0017419,-5.8518e-05,1.8545e+05,3.0085e-07,-6229.9,209.29,-7.031,0.2362,-0.0079351,0.00026657,-8.9554e-06,24.239
1,2.7012,-1.3213,7.2967,1.7458,-3.5691,19.71,-2.3068,-9.6411,4.7159,53.241,3.0479,12.739,-26.043,-6.2311,143.82,-4.0272,8.2331,-16.832,34.41,-70.348,388.48,5.3211,-190.03,92.95,-45.466,22.24,-10.878,1049.4,-7.0308,-513.3,251.08,-122.81,60.074,-29.385,14.374,2834.6,9.2898,-1386.6,678.23,-331.75,162.28,-79.376,38.827,-18.992,6.3766
1,-0.33612,-2.5454,0.11298,6.4791,0.85556,-0.037973,-16.492,-0.28757,-2.1777,0.012764,41.979,0.73198,0.096658,5.5433,-0.0042901,-106.85,-14.11,-1.8632,-0.24603,-0.032488,0.001442,271.98,0.01092,0.082696,0.62626,4.7426,35.915,-0.00048468,-692.31,-0.0036704,-0.027796,-0.2105,-1.5941,-12.072,-91.419,0.00016291,1762.2,0.0012337,0.0093427,0.070752,0.5358,4.0576,30.728,232.7,-12.623
1,-1.0587,-0.72111,1.1209,0.52,0.76346,-1.1867,-0.37498,-0.80829,-0.55054,1.2564,0.2704,0.58287,0.85576,0.397,-1.3302,-0.19499,-0.28628,-0.42032,-0.6171,-0.90602,1.4083,0.14061,0.95922,0.65334,0.445,0.30309,0.20644,-1.491,-0.1014,-1.0156,-0.69171,-0.47113,-0.32089,-0.21857,-0.14887,1.5786,0.073118,1.0752,0.73233,0.4988,0.33974,0.2314,0.15761,0.10735,-1.8453
1,4.0486,1.8088,16.391,3.2717,7.3231,66.362,5.9178,29.648,13.246,268.67,10.704,53.628,120.03,23.959,1087.8,19.361,43.337,97.001,217.12,485.97,4403.9,35.021,1967.5,879.02,392.72,175.45,78.387,17830,63.345,7965.7,3558.8,1590,710.35,317.36,141.79,72185,114.58,32250,14408,6437.2,2875.9,1284.9,574.04,256.46,29.723
1,-2.2894,-4.5488,5.2413,20.691,10.414,-11.999,-94.119,-23.842,-47.37,27.471,428.13,108.45,54.583,215.48,-62.893,-1947.4,-980.15,-493.31,-248.28,-124.96,143.99,8858.5,286.08,568.42,1129.4,2243.9,4458.5,-329.64,-40295,-654.96,-1301.3,-2585.6,-5137.3,-10207,-20281,754.68,1.8329e+05,1499.5,2979.3,5919.4,11761,23368,46430,92251,-21.955
1,0.50632,-0.20505,0.25636,0.042044,-0.10382,0.1298,-0.0086209,-0.052566,0.021288,0.065723,0.0017677,0.010778,-0.026616,-0.004365,0.033277,-0.00036245,0.00089501,-0.0022101,0.0054574,-0.013476,0.016849,7.4319e-05,-0.0068233,0.0027632,-0.001119,0.00045317,-0.00018352,0.008531,-1.5239e-05,-0.0034548,0.0013991,-0.00056659,0.00022945,-9.292e-05,3.763e-05,0.0043195,3.1247e-06,-0.0017492,0.00070839,-0.00028688,0.00011618,-4.7048e-05,1.9053e-05,-7.7158e-06,5.1237
1,1.3534,2.3472,1.8317,5.5092,3.1767,2.4791,12.931,4.2994,7.4563,3.3553,30.352,10.092,5.8189,17.501,4.5411,71.241,41.079,23.687,13.658,7.8755,6.146,167.22,10.659,18.485,32.058,55.597,96.419,8.3181,392.48,14.426,25.018,43.388,75.246,130.5,226.31,11.258,921.23,19.524,33.86,58.722,101.84,176.62,306.3,531.2,15.902
1,2.5596,-4.2622,6.5518,18.166,-10.91,16.77,-77.427,-27.925,46.499,42.925,330.01,119.02,-71.477,-198.19,109.87,-1406.6,844.7,-507.29,304.65,-182.96,281.24,5995,-468.3,779.79,-1298.5,2162.1,-3600.3,719.86,-25552,-1198.7,1996,-3323.6,5534.3,-9215.4,15345,1842.6,1.0891e+05,-3068.2,5109,-8507.2,14166,-23588,39278,-65403,-8.4199
1,-2.4631,2.0081,6.0667,4.0324,-4.9461,-14.943,8.0975,12.182,-9.9322,36.804,16.261,24.464,-30.006,-19.945,-90.652,32.653,-40.051,49.125,-60.255,73.907,223.28,65.57,-182.04,148.41,-121,98.648,-80.426,-549.95,131.67,448.37,-365.55,298.03,-242.98,198.09,-161.5,1354.6,264.41,-1104.4,900.37,-734.05,598.46,-487.92,397.79,-324.31,20.367
1,1.172,2.0497,1.3735,4.2013,2.4022,1.6097,8.6115,2.8152,4.9238,1.8864,17.651,5.7704,3.2993,10.092,2.2108,36.179,20.686,11.828,6.7627,3.8667,2.591,74.157,4.5316,7.9256,13.862,24.243,42.401,3.0365,152,5.3108,9.2884,16.245,28.412,49.692,86.909,3.5587,311.56,6.224,10.886,19.039,33.298,58.237,101.85,178.14,11.991
1,8.3454,-2.6464,69.646,7.0035,-22.085,581.22,-18.534,-184.31,58.447,4850.5,49.049,487.76,-1538.1,-154.67,40480,-129.8,409.33,-1290.8,4070.6,-12836,3.3782e+05,343.51,-1.0713e+05,33971,-10772,3416,-1083.3,2.8192e+06,-909.07,-8.94e+05,2.835e+05,-89900,28508,-9040.2,2866.7,2.3528e+07,2405.8,-7.4608e+06,2.3659e+06,-7.5025e+05,2.3791e+05,-75444,23924,-7586.6,70.403
1,-4.4389,-4.5135,19.704,20.372,20.035,-87.465,-91.949,-88.935,-90.43,388.25,415.02,401.41,394.78,408.16,-1723.4,-1873.2,-1842.2,-1811.8,-1781.8,-1752.4,7650.2,8454.7,7778.7,7909.4,8042.4,8177.5,8314.9,-33959,-38160,-34529,-35109,-35699,-36299,-36909,-37530,1.5074e+05,1.7224e+05,1.5327e+05,1.5585e+05,1.5847e+05,1.6113e+05,1.6384e+05,1.6659e+05,1.6939e+05,-8.1499
1,1.4019,1.2994,1.9654,1.6885,1.8217,2.7554,2.1941,2.5539,2.3672,3.8629,2.851,3.3186,3.5804,3.0759,5.4156,3.7046,3.9969,4.3122,4.6525,5.0195,7.5923,4.8139,7.0371,6.5225,6.0455,5.6034,5.1937,10.644,6.2552,9.8655,9.1441,8.4754,7.8556,7.2812,6.7487,14.922,8.1281,13.831,12.819,11.882,11.013,10.208,9.4613,8.7694,6.2761
1,-0.5893,2.4248,0.34728,5.8795,-1.4289,-0.20465,14.256,0.84207,-3.4648,0.1206,34.568,2.0418,-0.49623,-8.4013,-0.071071,83.82,-20.371,4.9509,-1.2033,0.29243,0.041883,203.25,-0.17233,0.70908,-2.9176,12.005,-49.396,-0.024682,492.82,0.10156,-0.41786,1.7194,-7.0745,29.109,-119.77,0.014545,1195,-0.059847,0.24625,-1.0132,4.169,-17.154,70.583,-290.42,19.233
1,-2.3813,1.7368,5.6704,3.0165,-4.1358,-13.503,5.2391,9.8484,-7.1831,32.153,9.0994,17.105,-23.452,-12.476,-76.566,15.804,-21.668,29.708,-40.731,55.844,182.32,27.449,-132.98,96.991,-70.742,51.597,-37.633,-434.16,47.673,316.66,-230.96,168.46,-122.87,89.615,-65.362,1033.8,82.799,-754.05,549.98,-401.14,292.58,-213.4,155.64,-113.52,19.978
1,-2.3959,2.2885,5.7406,5.2374,-5.4832,-13.754,11.986,13.138,-12.549,32.954,27.431,30.066,-31.477,-28.718,-78.956,62.777,-65.723,68.807,-72.036,75.417,189.18,143.67,-180.7,172.6,-164.86,157.47,-150.41,-453.25,328.79,432.94,-413.53,394.99,-377.29,360.37,-344.22,1086,752.45,-1037.3,990.8,-946.38,903.96,-863.44,824.73,-787.77,20.827
1,1.5937,-3.5464,2.5399,12.577,-5.6519,4.0478,-44.602,-9.0074,20.044,6.451,158.18,31.944,-14.355,-71.082,10.281,-560.95,252.09,-113.28,50.908,-22.878,16.385,1989.4,-36.46,81.133,-180.54,401.75,-893.99,26.112,-7055,-58.106,129.3,-287.73,640.27,-1424.8,3170.4,41.615,25020,-92.604,206.07,-458.55,1020.4,-2270.6,5052.7,-11244,-10.618
1,7.0469,1.7515,49.658,3.0679,12.343,349.94,5.3736,86.979,21.619,2466,9.412,152.35,612.93,37.867,17377,16.486,66.325,266.84,1073.6,4319.2,1.2246e+05,28.875,30437,7565.3,1880.4,467.39,116.17,8.6293e+05,50.576,2.1449e+05,53312,13251,3293.6,818.65,203.48,6.081e+06,88.586,1.5115e+06,3.7568e+05,93378,23210,5768.9,1433.9,356.4,54.844
1,-2.2815,-1.74,5.2051,3.0277,3.9698,-11.875,-5.2683,-9.0571,-6.9076,27.093,9.167,15.76,20.664,12.019,-61.813,-15.951,-20.914,-27.422,-35.955,-47.143,141.03,27.755,107.56,82.031,62.563,47.715,36.391,-321.75,-48.294,-245.39,-187.15,-142.74,-108.86,-83.026,-63.322,734.06,84.033,559.85,426.98,325.65,248.37,189.42,144.47,110.18,-2.8876
1,1.7229,-1.6841,2.9683,2.8362,-2.9015,5.114,-4.7764,-4.9989,4.8864,8.8109,8.044,8.4187,-8.6126,-8.2292,15.18,-13.547,13.859,-14.178,14.504,-14.838,26.153,22.814,-25.565,24.989,-24.427,23.877,-23.34,45.059,-38.422,-44.045,43.054,-42.085,41.137,-40.212,39.307,77.631,64.706,-75.884,74.176,-72.507,70.875,-69.28,67.72,-66.196,0.40012
1,-1.5772,-4.6677,2.4875,21.787,7.3618,-3.9233,-101.7,-11.611,-34.363,6.1877,474.69,54.196,18.313,160.39,-9.7591,-2215.7,-748.67,-252.97,-85.477,-28.882,15.392,10342,45.553,134.81,398.98,1180.8,3494.6,-24.276,-48274,-71.845,-212.63,-629.27,-1862.3,-5511.6,-16312,38.288,2.2533e+05,113.31,335.35,992.47,2937.2,8692.7,25726,76137,-20.351
1,6.0297,3.3006,36.357,10.894,19.902,219.22,35.957,120,65.688,1321.9,118.68,396.08,723.57,216.81,7970.4,391.72,715.62,1307.3,2388.2,4362.9,48059,1292.9,26307,14400,7882.7,4315,2362,2.8978e+05,4267.5,1.5862e+05,86830,47530,26018,14242,7796,1.7473e+06,14085,9.5646e+05,5.2356e+05,2.8659e+05,1.5688e+05,85875,47008,25732,44.192
1,1.734,0.52517,3.0067,0.27581,0.91064,5.2135,0.14485,1.579,0.47825,9.0402,0.07607,0.82927,2.738,0.25116,15.676,0.03995,0.1319,0.43551,1.4379,4.7477,27.181,0.020981,8.2324,2.4934,0.75517,0.22872,0.069273,47.131,0.011019,14.275,4.3234,1.3095,0.3966,0.12012,0.03638,81.725,0.0057867,24.752,7.4968,2.2706,0.68769,0.20828,0.063083,0.019106,6.9174
1,-0.31372,3.0108,0.098418,9.0651,-0.94455,-0.030875,27.294,0.29632,-2.8439,0.0096861,82.176,0.89217,-0.092961,-8.5624,-0.0030387,247.42,-25.78,2.6862,-0.27989,0.029163,0.00095329,744.94,-0.009149,0.087806,-0.8427,8.0877,-77.62,-0.00029906,2242.9,0.0028702,-0.027546,0.26437,-2.5372,24.351,-233.7,9.3821e-05,6753,-0.00090043,0.0086417,-0.082937,0.79597,-7.6392,73.316,-703.63,19.092
1,1.9596,4.533,3.8401,20.548,8.883,7.5252,93.146,17.407,40.267,14.747,422.23,78.908,34.112,182.53,28.898,1914,827.42,357.69,154.63,66.847,56.629,8676.2,131,303.02,700.95,1621.4,3750.7,110.97,39329,256.7,593.8,1373.6,3177.4,7350,17002,217.46,1.7828e+05,503.04,1163.6,2691.7,6226.5,14403,33318,77071,24.304
1,0.083252,-3.4117,0.0069308,11.64,-0.28403,0.000577,-39.712,-0.023646,0.96903,4.8037e-05,135.49,0.080674,-0.0019686,-3.3061,3.9991e-06,-462.24,11.279,-0.27524,0.0067162,-0.00016389,3.3293e-07,1577,-1.3644e-05,0.00055914,-0.022914,0.93903,-38.482,2.7717e-08,-5380.4,-1.1359e-06,4.6549e-05,-0.0019076,0.078175,-3.2037,131.29,2.3075e-09,18356,-9.4563e-08,3.8753e-06,-0.00015881,0.0065082,-0.26671,10.93,-447.92,-12.637
1,3.4216,1.9291,11.707,3.7213,6.6005,40.058,7.1785,22.584,12.733,137.06,13.848,43.566,77.274,24.562,468.97,26.713,47.381,84.041,149.07,264.4,1604.6,51.531,904.67,510.04,287.55,162.12,91.401,5490.4,99.406,3095.4,1745.2,983.9,554.71,312.74,176.32,18786,191.76,10591,5971.2,3366.5,1898,1070.1,603.29,340.13,18.679
1,-0.45677,-0.03828,0.20864,0.0014654,0.017485,-0.0953,-5.6095e-05,-0.0079867,-0.00066934,0.04353,2.1473e-06,0.00030573,0.0036481,2.5622e-05,-0.019883,-8.2199e-08,-9.8083e-07,-1.1704e-05,-0.00013965,-0.0016663,0.0090821,3.1466e-09,0.00076114,6.3788e-05,5.3458e-06,4.4801e-07,3.7546e-08,-0.0041484,-1.2045e-10,-0.00034766,-2.9136e-05,-2.4418e-06,-2.0464e-07,-1.715e-08,-1.4373e-09,0.0018949,4.6109e-12,0.0001588,1.3309e-05,1.1153e-06,9.3473e-08,7.8336e-09,6.565e-10,5.5019e-11,2.9519
1,-3.2643,2.7428,10.655,7.5228,-8.9531,-34.782,20.633,29.225,-24.556,113.54,56.593,80.158,-95.399,-67.353,-370.61,155.22,-184.73,219.86,-261.66,311.41,1209.8,425.74,-1016.5,854.12,-717.67,603.02,-506.69,-3949,1167.7,3318.1,-2788.1,2342.7,-1968.4,1653.9,-1389.7,12891,3202.8,-10831,9100.9,-7647,6425.4,-5398.9,4536.4,-3811.7,31.422
1,0.83935,3.3231,0.70451,11.043,2.7892,0.59133,36.696,2.3411,9.2688,0.49633,121.95,7.7798,1.965,30.801,0.41659,405.23,102.35,25.853,6.5299,1.6493,0.34967,1346.6,1.3844,5.4809,21.7,85.911,340.13,0.29349,4475,1.162,4.6004,18.213,72.109,285.49,1130.3,0.24634,14871,0.9753,3.8613,15.287,60.525,239.63,948.71,3756,20.709
1,4.7831,2.4614,22.878,6.0586,11.773,109.43,14.913,56.313,28.979,523.41,36.706,138.61,269.35,71.329,2503.5,90.349,175.57,341.17,662.98,1288.3,11975,222.39,6162.2,3171.1,1631.9,839.77,432.15,57276,547.39,29475,15168,7805.4,4016.7,2067,1063.7,2.7396e+05,1347.3,1.4098e+05,72549,37334,19212,9886.8,5087.8,2618.2,28.608
1,-3.4899,-2.4528,12.179,6.0164,8.5601,-42.504,-14.757,-29.873,-20.996,148.33,36.197,73.275,104.25,51.501,-517.66,-88.786,-126.32,-179.73,-255.72,-363.83,1806.6,217.78,1269.7,892.42,627.24,440.85,309.85,-6304.6,-534.17,-4431.2,-3114.4,-2189,-1538.5,-1081.3,-760.01,22002,1310.2,15464,10869,7639.2,5369.2,3773.7,2652.3,1864.2,-2.3636
1,-0.62704,-0.37946,0.39317,0.14399,0.23793,-0.24653,-0.054637,-0.14919,-0.090285,0.15459,0.020732,0.056612,0.093549,0.034259,-0.096931,-0.0078669,-0.013,-0.021482,-0.035498,-0.058658,0.060779,0.0029852,0.036781,0.022258,0.01347,0.0081513,0.0049328,-0.038111,-0.0011327,-0.023063,-0.013957,-0.008446,-0.0051112,-0.0030931,-0.0018718,0.023897,0.00042982,0.014461,0.0087514,0.005296,0.0032049,0.0019395,0.0011737,0.00071026,0.48392
1,3.1145,0.79243,9.7,0.62794,2.468,30.211,0.4976,7.6866,1.9557,94.09,0.39431,6.0911,23.94,1.5498,293.04,0.31246,1.2281,4.8267,18.971,74.56,912.68,0.24761,232.22,59.083,15.033,3.8248,0.97317,2842.5,0.19621,723.23,184.01,46.819,11.912,3.0309,0.77117,8853,0.15548,2252.5,573.11,145.82,37.101,9.4397,2.4018,0.61109,9.7443
1,-5.6604,9.4756,32.04,89.787,-53.635,-181.36,850.78,303.6,-508.23,1026.6,8061.7,2876.8,-1718.5,-4815.7,-5810.7,76389,-45632,27259,-16284,9727.2,32891,7.2383e+05,-55060,92171,-1.543e+05,2.5829e+05,-4.3239e+05,-1.8617e+05,6.8587e+06,3.1166e+05,-5.2172e+05,8.7337e+05,-1.462e+06,2.4475e+06,-4.0971e+06,1.0538e+06,6.499e+07,-1.7641e+06,2.9531e+06,-4.9436e+06,8.2757e+06,-1.3854e+07,2.3191e+07,-3.8823e+07,110.73
1,1.9763,3.6799,3.9059,13.541,7.2726,7.7194,49.83,14.373,26.762,15.256,183.37,52.891,28.406,98.481,30.151,674.76,362.4,194.63,104.53,56.14,59.589,2483,110.95,206.59,384.66,716.21,1333.6,117.77,9137.2,219.28,408.29,760.21,1415.5,2635.6,4907.3,232.75,33623,433.37,806.91,1502.4,2797.5,5208.8,9698.5,18058,26.287
1,2.3589,6.9619,5.5643,48.468,16.422,13.126,337.43,38.738,114.33,30.962,2349.2,269.69,91.379,795.96,73.035,16355,5541.4,1877.6,636.17,215.55,172.28,1.1386e+05,508.46,1500.7,4429,13071,38579,406.39,7.9268e+05,1199.4,3539.9,10447,30834,91002,2.6858e+05,958.62,5.5186e+06,2829.2,8350.1,24644,72734,2.1466e+05,6.3355e+05,1.8698e+06,33.698
1,0.74045,1.2435,0.54827,1.5463,0.92075,0.40597,1.9228,0.68177,1.1449,0.3006,2.391,0.84777,0.50482,1.4237,0.22258,2.9732,1.7704,1.0542,0.62773,0.37379,0.16481,3.6971,0.27677,0.46481,0.78058,1.3109,2.2015,0.12203,4.5973,0.20494,0.34417,0.57798,0.97065,1.6301,2.7375,0.090359,5.7167,0.15175,0.25484,0.42797,0.71872,1.207,2.027,3.4041,8.8794
1,-2.2107,0.63549,4.8872,0.40385,-1.4049,-10.804,0.25665,3.1058,-0.8928,23.885,0.1631,1.9737,-6.866,-0.56737,-52.802,0.10365,-0.36056,1.2543,-4.3633,15.179,116.73,0.065868,-33.555,9.6459,-2.7729,0.79709,-0.22913,-258.05,0.041858,74.181,-21.324,6.1299,-1.7621,0.50655,-0.14561,570.48,0.026601,-163.99,47.142,-13.551,3.8955,-1.1198,0.32191,-0.092537,9.8379
1,0.078596,1.8395,0.0061773,3.3838,0.14458,0.00048551,6.2244,0.011363,0.26595,3.816e-05,11.45,0.020903,0.0008931,0.48922,2.9992e-06,21.062,0.89991,0.03845,0.0016429,7.0194e-05,2.3572e-07,38.744,5.517e-06,0.00012912,0.0030221,0.07073,1.6554,1.8527e-08,71.269,4.3361e-07,1.0149e-05,0.00023752,0.0055591,0.13011,3.0451,1.4561e-09,131.1,3.408e-08,7.9763e-07,1.8668e-05,0.00043692,0.010226,0.23933,5.6014,11.9
1,0.37956,-1.5833,0.14407,2.5069,-0.60097,0.054681,-3.9693,-0.2281,0.95153,0.020755,6.2847,0.36116,-0.086579,-1.5066,0.0078777,-9.9508,2.3854,-0.57184,0.13708,-0.032862,0.0029901,15.755,-0.012473,0.052031,-0.21705,0.90541,-3.7769,0.0011349,-24.946,-0.0047343,0.019749,-0.082382,0.34366,-1.4336,5.9801,0.00043076,39.498,-0.0017969,0.0074959,-0.031269,0.13044,-0.54412,2.2698,-9.4685,-6.2318
1,2.9058,3.7248,8.4434,13.874,10.823,24.534,51.679,31.45,40.315,71.291,192.49,117.15,91.386,150.17,207.15,717,559.34,436.34,340.39,265.55,601.94,2670.7,771.61,989.1,1267.9,1625.3,2083.4,1749.1,9947.7,2242.1,2874.1,3684.2,4722.7,6053.9,7760.3,5082.4,37053,6515,8351.4,10705,13723,17591,22550,28906,23.452
1,2.0906,-0.47289,4.3704,0.22363,-0.98861,9.1366,-0.10575,-2.0667,0.4675,19.101,0.050009,0.97734,-4.3206,-0.22108,39.931,-0.023649,0.10455,-0.46218,2.0432,-9.0325,83.477,0.011183,-18.883,4.2714,-0.96621,0.21856,-0.049439,174.51,-0.0052885,-39.476,8.9296,-2.0199,0.45691,-0.10336,0.023379,364.83,0.0025009,-82.526,18.668,-4.2227,0.9552,-0.21607,0.048876,-0.011056,7.7366
1,-0.9507,-4.1208,0.90383,16.981,3.9176,-0.85927,-69.976,-3.7245,-16.144,0.8169,288.36,15.348,3.5409,66.526,-0.77663,-1188.3,-274.14,-63.246,-14.591,-3.3663,0.73834,4896.6,3.2003,13.872,60.128,260.62,1129.7,-0.70194,-20178,-3.0425,-13.188,-57.163,-247.77,-1074,-4655.2,0.66733,83149,2.8925,12.538,54.345,235.56,1021,4425.7,19183,-21.353
1,4.9596,2.6125,24.598,6.8252,12.957,122,17.831,64.263,33.851,605.06,46.584,167.89,318.72,88.435,3000.9,121.7,231.04,438.61,832.66,1580.7,14883,317.95,7839.8,4129.7,2175.3,1145.9,603.59,73815,830.64,38883,20482,10789,5683.1,2993.6,1576.9,3.661e+05,2170,1.9284e+05,1.0158e+05,53509,28186,14847,7820.8,4119.7,32.03
1,-0.052499,-4.7056,0.0027562,22.143,0.24704,-0.0001447,-104.19,-0.012969,-1.1625,7.5965e-06,490.3,0.061029,0.00068089,5.4701,-3.9881e-07,-2307.1,-25.74,-0.28718,-0.003204,-3.5746e-05,2.0937e-08,10857,1.8766e-06,0.00016821,0.015077,1.3513,121.12,-1.0992e-09,-51086,-9.8523e-08,-8.8307e-06,-0.00079151,-0.070945,-6.3589,-569.96,5.7707e-11,2.4039e+05,5.1724e-09,4.6361e-07,4.1554e-05,0.0037245,0.33384,29.922,2682,-21.801
1,-2.3381,-5.5328,5.4667,30.611,12.936,-12.782,-169.37,-30.246,-71.572,29.884,937.06,167.34,70.717,395.99,-69.873,-5184.5,-2190.9,-925.87,-391.26,-165.34,163.37,28685,386.59,914.81,2164.8,5122.6,12122,-381.97,-1.5871e+05,-903.88,-2138.9,-5061.4,-11977,-28342,-67067,893.08,8.7808e+05,2113.4,5000.9,11834,28004,66266,1.5681e+05,3.7107e+05,-26.93
1,-1.2153,0.86523,1.4769,0.74862,-1.0515,-1.7948,0.64773,1.2778,-0.90977,2.1811,0.56043,1.1056,-1.5529,-0.78716,-2.6506,0.4849,-0.68107,0.9566,-1.3436,1.8872,3.2212,0.41955,-2.2934,1.6328,-1.1625,0.82768,-0.58929,-3.9146,0.36301,2.7871,-1.9843,1.4128,-1.0058,0.71613,-0.50987,4.7572,0.31409,-3.387,2.4114,-1.7169,1.2224,-0.87029,0.61962,-0.44115,11.207
1,2.6758,-2.8527,7.1601,8.1381,-7.6334,19.159,-23.216,-20.426,21.776,51.267,66.228,58.269,-54.656,-62.122,137.18,-188.93,177.22,-166.23,155.92,-146.25,367.07,538.97,-391.34,417.21,-444.79,474.2,-505.55,982.22,-1537.5,-1047.2,1116.4,-1190.2,1268.9,-1352.8,1442.2,2628.3,4386.2,-2802,2987.3,-3184.8,3395.3,-3619.8,3859.1,-4114.2,2.7756
1,0.68565,-2.7322,0.47011,7.4649,-1.8733,0.32233,-20.396,-1.2844,5.1183,0.22101,55.725,3.5093,-0.88067,-13.984,0.15153,-152.25,38.208,-9.5882,2.4062,-0.60383,0.1039,415.98,-0.41402,1.6498,-6.5741,26.197,-104.39,0.071237,-1136.5,-0.28387,1.1312,-4.5075,17.962,-71.575,285.22,0.048844,3105.2,-0.19463,0.77559,-3.0906,12.315,-49.075,195.56,-779.26,-12.211
1,2.7666,-0.48585,7.654,0.23605,-1.3441,21.175,-0.11468,-3.7187,0.65305,58.584,0.055719,1.8067,-10.288,-0.31728,162.08,-0.027071,0.15415,-0.87779,4.9984,-28.463,448.4,0.013152,-78.745,13.829,-2.4285,0.42647,-0.074894,1240.5,-0.00639,-217.85,38.258,-6.7186,1.1799,-0.2072,0.036387,3432.1,0.0031046,-602.71,105.84,-18.588,3.2642,-0.57323,0.10067,-0.017678,6.6148
1,0.30767,-1.4667,0.094658,2.1512,-0.45125,0.029123,-3.1552,-0.13884,0.66186,0.0089601,4.6278,0.20363,-0.042715,-0.97075,0.0027567,-6.7876,1.4238,-0.29867,0.06265,-0.013142,0.00084815,9.9554,-0.0040433,0.019275,-0.091889,0.43806,-2.0883,0.00026095,-14.602,-0.001244,0.0059303,-0.028271,0.13477,-0.6425,3.0629,8.0284e-05,21.416,-0.00038273,0.0018246,-0.0086981,0.041465,-0.19767,0.94236,-4.4924,-3.9723
1,7.5605,-0.66835,57.161,0.44669,-5.053,432.16,-0.29854,-38.203,3.3772,3267.3,0.19953,25.533,-288.83,-2.2571,24703,-0.13335,1.5085,-17.065,193.04,-2183.7,1.8676e+05,0.089127,-16510,1459.5,-129.02,11.405,-1.0082,1.412e+06,-0.059568,-1.2482e+05,11034,-975.43,86.228,-7.6226,0.67384,1.0675e+07,0.039812,-9.4371e+05,83424,-7374.7,651.93,-57.63,5.0945,-0.45036,57.584
1,-4.8969,0.8162,23.98,0.66618,-3.9969,-117.43,0.54374,19.572,-3.2622,575.04,0.4438,15.975,-95.845,-2.6626,-2815.9,0.36223,-2.1732,13.039,-78.228,469.34,13789,0.29565,-2298.3,383.08,-63.85,10.642,-1.7738,-67525,0.24131,11255,-1875.9,312.67,-52.114,8.6862,-1.4478,3.3067e+05,0.19696,-55114,9186.2,-1531.1,255.2,-42.536,7.0897,-1.1817,36.045
1,-1.1478,-3.5056,1.3174,12.289,4.0237,-1.5121,-43.081,-4.6183,-14.105,1.7356,151.02,16.19,5.3008,49.448,-1.9921,-529.43,-173.34,-56.755,-18.582,-6.0842,2.2864,1856,6.9833,21.329,65.143,198.96,607.67,-2.6243,-6506.2,-8.0153,-24.481,-74.77,-228.36,-697.47,-2130.2,3.0122,22808,9.1999,28.099,85.819,262.11,800.55,2445.1,7467.8,-12.951
1,-0.15267,-3.6727,0.023309,13.489,0.56073,-0.0035587,-49.54,-0.085608,-2.0594,0.00054332,181.95,0.31441,0.01307,7.5635,-8.2951e-05,-668.23,-27.778,-1.1547,-0.048003,-0.0019955,1.2664e-05,2454.2,0.00030466,0.0073287,0.1763,4.241,102.02,-1.9335e-06,-9013.6,-4.6513e-05,-0.0011189,-0.026916,-0.6475,-15.576,-374.7,2.952e-07,33104,7.1013e-06,0.00017083,0.0041094,0.098856,2.3781,57.206,1376.1,-15.503
1,0.36776,-6.2984,0.13524,39.67,-2.3163,0.049737,-249.86,-0.85183,14.589,0.018291,1573.7,5.3652,-0.31326,-91.888,0.0067266,-9912.1,578.75,-33.792,1.9731,-0.1152,0.0024738,62430,-0.042367,0.72561,-12.427,212.84,-3645.2,0.00090974,-3.9321e+05,-0.015581,0.26685,-4.5702,78.273,-1340.5,22959,0.00033456,2.4766e+06,-0.0057299,0.098135,-1.6807,28.785,-492.99,8443.4,-1.4461e+05,-27.072
1,4.4684,-1.1707,19.967,1.3706,-5.2313,89.221,-1.6046,-23.376,6.1245,398.68,1.8786,27.367,-104.45,-7.1701,1781.5,-2.1993,8.3942,-32.039,122.29,-466.75,7960.4,2.5748,-2085.6,546.43,-143.16,37.509,-9.8273,35571,-3.0143,-9319.5,2441.7,-639.72,167.61,-43.913,11.505,1.5895e+05,3.529,-41644,10911,-2858.6,748.94,-196.22,51.41,-13.469,18.052
1,0.75836,1.9928,0.57511,3.9714,1.5113,0.43614,7.9145,1.1461,3.0118,0.33075,15.772,2.284,0.86916,6.002,0.25083,31.432,11.961,4.5517,1.7321,0.65914,0.19022,62.639,0.49986,1.3136,3.4518,9.0708,23.837,0.14425,124.83,0.37908,0.99615,2.6177,6.8789,18.077,47.503,0.1094,248.76,0.28748,0.75544,1.9852,5.2167,13.709,36.024,94.665,13.311
1,-0.24463,-2.1068,0.059845,4.4386,0.51539,-0.01464,-9.3511,-0.12608,-1.0858,0.0035814,19.701,0.26563,0.030843,2.2876,-0.00087612,-41.506,-4.8195,-0.55962,-0.06498,-0.0075452,0.00021433,87.444,0.0018458,0.015896,0.1369,1.179,10.154,-5.2431e-05,-184.23,-0.00045154,-0.0038887,-0.03349,-0.28842,-2.4839,-21.392,1.2826e-05,388.13,0.00011046,0.00095131,0.0081927,0.070557,0.60764,5.2331,45.068,-6.4769
1,0.30581,1.504,0.093518,2.262,0.45993,0.028599,3.402,0.14065,0.69173,0.0087456,5.1165,0.21153,0.043012,1.0403,0.0026745,7.6951,1.5647,0.31814,0.064689,0.013153,0.00081788,11.573,0.0040224,0.019782,0.097291,0.47848,2.3532,0.00025011,17.406,0.0012301,0.0060496,0.029752,0.14632,0.71963,3.5392,7.6486e-05,26.178,0.00037617,0.00185,0.0090985,0.044747,0.22007,1.0823,5.3229,9.6666
1,2.3545,1.6209,5.5436,2.6275,3.8165,13.052,4.2589,8.9858,6.1863,30.731,6.9035,14.566,21.157,10.028,72.357,11.19,16.254,23.61,34.294,49.814,170.36,18.139,117.29,80.745,55.589,38.27,26.347,401.12,29.402,276.15,190.11,130.88,90.107,62.034,42.707,944.42,47.658,650.19,447.62,308.16,212.15,146.06,100.55,69.226,17.596
1,-1.9683,2.9723,3.8741,8.8343,-5.8502,-7.6254,26.258,11.515,-17.388,15.009,78.045,34.225,-22.665,-51.683,-29.542,231.97,-153.61,101.73,-67.365,44.61,58.146,689.47,-87.805,132.59,-200.23,302.36,-456.58,-114.45,2049.3,172.83,-260.98,394.1,-595.12,898.68,-1357.1,225.27,6091,-340.17,513.68,-775.7,1171.4,-1768.8,2671.1,-4033.6,25.002
1,1.4524,2.9681,2.1096,8.8098,4.311,3.064,26.149,6.2615,12.796,4.4503,77.613,18.585,9.0945,37.979,6.4639,230.37,112.73,55.163,26.994,13.209,9.3884,683.76,19.186,39.207,80.121,163.73,334.59,13.636,2029.5,27.866,56.945,116.37,237.81,485.98,993.12,19.806,6023.8,40.474,82.71,169.02,345.4,705.85,1442.4,2947.7,16.575
1,-4.5951,-2.0665,21.115,4.2705,9.4958,-97.024,-8.8251,-43.634,-19.623,445.83,18.237,90.171,200.5,40.552,-2048.6,-37.688,-83.802,-186.34,-414.34,-921.32,9413.6,77.883,4233.5,1903.9,856.25,385.08,173.18,-43256,-160.95,-19453,-8748.7,-3934.5,-1769.5,-795.77,-357.88,1.9877e+05,332.6,89390,40201,18079,8130.8,3656.6,1644.5,739.56,8.7761
1,-0.13639,-2.5705,0.018602,6.6075,0.35059,-0.002537,-16.985,-0.047816,-0.90119,0.00034602,43.66,0.12291,0.0065215,2.3165,-4.7193e-05,-112.23,-5.9546,-0.31594,-0.016764,-0.00088945,6.4365e-06,288.48,0.00012131,0.0022863,0.043091,0.81214,15.306,-8.7787e-07,-741.55,-1.6545e-05,-0.00031183,-0.0058771,-0.11077,-2.0876,-39.345,1.1973e-07,1906.2,2.2566e-06,4.253e-05,0.00080156,0.015107,0.28472,5.3662,101.14,-8.8161
1,-2.7254,0.14517,7.4277,0.021074,-0.39564,-20.243,0.0030594,1.0783,-0.057436,55.17,0.00044413,0.15653,-2.9387,-0.0083379,-150.36,6.4474e-05,-0.0012104,0.022724,-0.42661,8.0091,409.79,9.3597e-06,-21.828,1.1627,-0.061931,0.0032988,-0.00017572,-1116.8,1.3587e-06,59.489,-3.1687,0.16879,-0.0089906,0.00047889,-2.5509e-05,3043.8,1.9725e-07,-162.13,8.636,-0.46001,0.024503,-0.0013052,6.9521e-05,-3.7031e-06,9.555
1,-1.8586,-1.9946,3.4543,3.9783,3.7071,-6.4202,-7.9349,-6.8899,-7.394,11.932,15.827,13.742,12.805,14.748,-22.177,-31.567,-29.415,-27.41,-25.541,-23.8,41.219,62.963,44.234,47.47,50.943,54.671,58.67,-76.608,-125.58,-82.213,-88.228,-94.683,-101.61,-109.04,-117.02,142.38,250.48,152.8,163.98,175.98,188.85,202.67,217.49,233.41,-6.5429
1,0.94759,4.3582,0.89792,18.994,4.1298,0.85086,82.781,3.9133,17.999,0.80626,360.78,17.055,3.7082,78.442,0.76401,1572.3,341.87,74.331,16.161,3.5139,0.72396,6852.6,3.3297,15.314,70.435,323.95,1489.9,0.68602,29865,3.1552,14.512,66.743,306.97,1411.8,6493.5,0.65006,1.3016e+05,2.9898,13.751,63.245,290.88,1337.8,6153.1,28300,27.371
1,-3.2752,4.1395,10.727,17.136,-13.558,-35.134,70.934,44.406,-56.124,115.07,293.63,183.82,-145.44,-232.33,-376.89,1215.5,-961.72,760.92,-602.05,476.35,1234.4,5031.7,-1560.1,1971.9,-2492.2,3149.9,-3981.1,-4043,20829,5109.9,-6458.3,8162.6,-10317,13039,-16480,13242,86221,-16736,21152,-26734,33789,-42706,53975,-68219,39.256
1,-2.8669,0.28541,8.2192,0.081458,-0.81825,-23.564,0.023249,2.3458,-0.23354,67.556,0.0066355,0.66953,-6.7254,-0.066653,-193.68,0.0018938,-0.019023,0.19109,-1.9195,19.281,555.26,0.00054052,-55.277,5.503,-0.54784,0.054539,-0.0054295,-1591.9,0.00015427,158.48,-15.777,1.5706,-0.15636,0.015566,-0.0015496,4563.8,4.403e-05,-454.34,45.231,-4.5028,0.44827,-0.044626,0.0044426,-0.00044227,13.948
1,-4.4476,-1.2814,19.781,1.6419,5.699,-87.977,-2.1039,-25.347,-7.3026,391.29,2.696,32.479,112.73,9.3575,-1740.3,-3.4546,-11.99,-41.618,-144.45,-501.39,7740,4.4266,2230,642.47,185.1,53.329,15.364,-34424,-5.6722,-9917.9,-2857.4,-823.24,-237.18,-68.334,-19.688,1.531e+05,7.2682,44111,12709,3661.4,1054.9,303.92,87.562,25.227,14.161
1,-6.5855,1.5324,43.369,2.3483,-10.092,-285.61,3.5986,66.46,-15.465,1880.9,5.5146,101.84,-437.67,-23.699,-12387,8.4507,-36.317,156.07,-670.7,2882.3,81573,12.95,-18982,4416.9,-1027.8,239.16,-55.653,-5.372e+05,19.845,1.25e+05,-29088,6768.6,-1575,366.5,-85.283,3.5377e+06,30.411,-8.2322e+05,1.9156e+05,-44575,10372,-2413.6,561.64,-130.69,61.255
1,-0.35457,-1.9688,0.12572,3.8763,0.69808,-0.044575,-7.6317,-0.24751,-1.3744,0.015805,15.025,0.48731,0.087759,2.7059,-0.0056038,-29.582,-5.3275,-0.95942,-0.17278,-0.031116,0.0019869,58.242,0.011033,0.061263,0.34018,1.8889,10.489,-0.00070448,-114.67,-0.0039118,-0.021722,-0.12062,-0.66975,-3.719,-20.651,0.00024979,225.76,0.001387,0.0077017,0.042766,0.23747,1.3186,7.322,40.657,-7.0154
1,3.5882,-0.37505,12.875,0.14066,-1.3458,46.2,-0.052756,-4.8289,0.50473,165.78,0.019786,1.8111,-17.327,-0.1893,594.84,-0.0074207,0.070997,-0.67925,6.4986,-62.174,2134.4,0.0027832,-223.1,23.319,-2.4373,0.25475,-0.026627,7658.9,-0.0010438,-800.52,83.672,-8.7456,0.91411,-0.095545,0.0099866,27482,0.00039149,-2872.5,300.24,-31.381,3.2801,-0.34284,0.035834,-0.0037455,8.7427
1,-0.44581,-1.5914,0.19875,2.5326,0.70946,-0.088603,-4.0303,-0.31628,-1.129,0.0395,6.4138,0.50333,0.141,1.7967,-0.017609,-10.207,-2.8593,-0.80101,-0.22439,-0.06286,0.0078504,16.243,0.028024,0.10004,0.3571,1.2747,4.5504,-0.0034998,-25.85,-0.012493,-0.044597,-0.1592,-0.56828,-2.0286,-7.2414,0.0015602,41.137,0.0055696,0.019882,0.070971,0.25334,0.90436,3.2283,11.524,-7.818
1,-0.60186,0.31676,0.36224,0.10034,-0.19064,-0.21802,0.031782,0.11474,-0.060389,0.13122,0.010067,0.036345,-0.069058,-0.019129,-0.078973,0.0031889,-0.0060592,0.011513,-0.021875,0.041564,0.047531,0.0010101,-0.025015,0.013166,-0.0069291,0.0036468,-0.0019193,-0.028607,0.00031997,0.015056,-0.0079239,0.0041703,-0.0021948,0.0011551,-0.00060795,0.017217,0.00010135,-0.0090615,0.0047691,-0.00251,0.001321,-0.00069524,0.0003659,-0.00019258,5.0648
1,-3.0402,3.3851,9.2428,11.459,-10.291,-28.1,38.788,31.287,-34.836,85.43,131.3,105.91,-95.12,-117.92,-259.72,444.45,-399.18,358.51,-321.99,289.18,789.61,1504.5,-879.18,978.9,-1089.9,1213.6,-1351.2,-2400.6,5092.8,2672.9,-2976.1,3313.6,-3689.5,4108,-4574,7298.3,17239,-8126.1,9047.8,-10074,11217,-12489,13906,-15483,33.829
1,4.85,2.2274,23.522,4.9615,10.803,114.08,11.051,52.394,24.063,553.29,24.616,116.7,254.11,53.598,2683.4,54.831,119.39,259.95,566.01,1232.4,13014,122.13,5977.1,2745.1,1260.7,579.02,265.93,63120,272.04,28989,13314,6114.6,2808.2,1289.7,592.33,3.0613e+05,605.95,1.4059e+05,64571,29655,13620,6255.2,2872.8,1319.4,35.183
1,-0.64824,3.4308,0.42022,11.77,-2.224,-0.2724,40.382,1.4417,-7.6301,0.17658,138.54,4.9461,-0.93455,-26.177,-0.11447,475.32,-89.81,16.969,-3.2063,0.60582,0.074202,1630.7,-0.39271,2.0784,-11,58.218,-308.12,-0.048101,5594.7,0.25457,-1.3473,7.1307,-37.739,199.74,-1057.1,0.031181,19194,-0.16502,0.87339,-4.6224,24.464,-129.48,685.25,-3626.7,23.499
1,3.9821,-2.7441,15.857,7.5303,-10.927,63.143,-20.664,-43.513,29.986,251.44,56.706,119.41,-173.27,-82.286,1001.2,-155.61,225.81,-327.67,475.48,-689.98,3987,427.01,-2747.5,1893.4,-1304.8,899.17,-619.64,15876,-1171.8,-10941,7539.6,-5195.8,3580.5,-2467.5,1700.4,63221,3215.5,-43567,30023,-20690,14258,-9825.5,6771,-4666.1,10.593
1,1.1859,0.53941,1.4065,0.29096,0.6397,1.668,0.15694,0.75865,0.34506,1.9781,0.084656,0.40922,0.89971,0.18613,2.3459,0.045664,0.1004,0.22073,0.48531,1.067,2.7821,0.024631,1.2654,0.57555,0.26178,0.11907,0.054155,3.2994,0.013286,1.5007,0.68257,0.31045,0.1412,0.064224,0.029211,3.9129,0.0071667,1.7797,0.80948,0.36818,0.16746,0.076166,0.034643,0.015757,5.9493
1,-0.68916,-2.95,0.47494,8.7028,2.033,-0.32731,-25.674,-1.4011,-5.9976,0.22557,75.738,4.1333,0.96557,17.693,-0.15545,-223.43,-52.195,-12.193,-2.8485,-0.66543,0.10713,659.13,0.45859,1.963,8.4031,35.971,153.98,-0.073829,-1944.5,-0.31604,-1.3528,-5.7911,-24.79,-106.12,-454.24,0.05088,5736.2,0.2178,0.93233,3.991,17.084,73.13,313.05,1340,-16.389
1,3.3464,1.1545,11.199,1.3328,3.8634,37.475,1.5387,12.929,4.4603,125.41,1.7765,14.926,43.265,5.1493,419.67,2.0509,5.9448,17.232,49.949,144.78,1404.4,2.3677,484.51,167.15,57.665,19.894,6.8632,4699.8,2.7335,1621.4,559.36,192.97,66.573,22.967,7.9234,15727,3.1558,5425.8,1871.8,645.77,222.78,76.858,26.515,9.1475,20.766
1,3.0473,0.97709,9.2861,0.95471,2.9775,28.297,0.93284,9.0733,2.9093,86.231,0.91147,8.8655,27.649,2.8426,262.77,0.89059,2.7775,8.6624,27.016,84.255,800.74,0.87019,256.75,82.325,26.397,8.464,2.7139,2440.1,0.85026,782.4,250.87,80.44,25.792,8.2701,2.6517,7435.7,0.83078,2384.2,764.48,245.12,78.597,25.201,8.0806,2.591,14.951
1,-0.23433,3.8889,0.054911,15.124,-0.9113,-0.012868,58.815,0.21355,-3.544,0.0030153,228.73,0.83047,-0.050041,-13.782,-0.00070657,889.51,-53.598,3.2296,-0.19461,0.011726,0.00016557,3459.2,-0.0027478,0.045602,-0.75681,12.56,-208.44,-3.8799e-05,13453,0.0006439,-0.010686,0.17734,-2.9432,48.844,-810.61,9.0918e-06,52317,-0.00015089,0.0025041,-0.041557,0.68968,-11.446,189.95,-3152.4,18.863
1,3.9879,3.2977,15.903,10.875,13.151,63.419,35.862,52.443,43.367,252.9,118.26,172.94,209.14,143.01,1008.5,389.99,471.6,570.3,689.66,834,4021.9,1286,3325.9,2750.3,2274.3,1880.7,1555.2,16039,4241,13263,10968,9069.5,7499.9,6201.9,5128.6,63961,13985,52891,43737,36168,29909,24732,20452,16912,28.683
1,5.4439,1.9597,29.636,3.8403,10.668,161.33,7.5257,58.077,20.906,878.29,14.748,113.81,316.16,40.969,4781.3,28.901,80.286,223.03,619.57,1721.1,26029,56.637,9369.7,3372.9,1214.2,437.07,157.33,1.417e+05,110.99,51008,18362,6609.7,2379.3,856.51,308.32,7.7139e+05,217.5,2.7768e+05,99958,35983,12953,4662.7,1678.5,604.21,36.306
1,-0.096845,-1.5152,0.0093789,2.2959,0.14674,-0.00090829,-3.4788,-0.014211,-0.22234,8.7963e-05,5.2711,0.021533,0.0013763,0.3369,-8.5188e-06,-7.9869,-0.51048,-0.032627,-0.0020853,-0.00013328,8.25e-07,12.102,1.2908e-05,0.00020195,0.0031598,0.049437,0.77349,-7.9897e-08,-18.337,-1.2501e-06,-1.9558e-05,-0.00030601,-0.0047877,-0.074908,-1.172,7.7376e-09,27.785,1.2106e-07,1.8941e-06,2.9635e-05,0.00046367,0.0072545,0.1135,1.7758,-6.7808
1,-0.66704,-1.428,0.44495,2.0391,0.95252,-0.2968,-2.9118,-0.63537,-1.3602,0.19798,4.1581,0.9073,0.42382,1.9423,-0.13206,-5.9376,-2.7736,-1.2956,-0.60521,-0.28271,0.088089,8.4788,0.18858,0.4037,0.86423,1.8501,3.9606,-0.058759,-12.108,-0.12579,-0.26929,-0.57648,-1.2341,-2.6419,-5.6557,0.039195,17.289,0.083907,0.17962,0.38453,0.8232,1.7623,3.7726,8.0763,-4.1851
1,1.3139,-6.1547,1.7264,37.88,-8.0867,2.2683,-233.14,-10.625,49.771,2.9804,1434.9,65.395,-13.961,-306.33,3.9159,-8831.4,1885.3,-402.49,85.924,-18.343,5.1452,54354,-24.101,112.9,-528.83,2477.2,-11604,6.7604,-3.3453e+05,-31.667,148.34,-694.84,3254.8,-15246,71417,8.8825,2.059e+06,-41.608,194.9,-912.96,4276.5,-20032,93836,-4.3955e+05,-24.419
1,1.1553,-1.3449,1.3346,1.8088,-1.5537,1.5419,-2.4327,-1.795,2.0896,1.7813,3.2717,2.4141,-2.0737,-2.8104,2.0579,-4.4002,3.7797,-3.2468,2.7889,-2.3957,2.3774,5.9179,-2.7677,3.222,-3.7509,4.3666,-5.0834,2.7465,-7.959,-3.1974,3.7223,-4.3333,5.0446,-5.8727,6.8368,3.173,10.704,-3.6939,4.3002,-5.0061,5.8279,-6.7846,7.8983,-9.1948,-5.3091
1,2.5225,-4.6536,6.3632,21.656,-11.739,16.051,-100.78,-29.612,54.628,40.49,468.98,137.8,-74.696,-254.21,102.14,-2182.4,1183,-641.27,347.61,-188.42,257.64,10156,-475.31,876.85,-1617.6,2984.2,-5505.3,649.92,-47262,-1199,2211.9,-4080.5,7527.7,-13887,25619,1639.4,2.1994e+05,-3024.4,5579.5,-10293,18989,-35031,64625,-1.1922e+05,-12.544
